{
    "layout": [
        {
            "entity_id": "8ded130c-6a74-4e06-ad5a-465f5a8a628d",
            "x_coord": -476.39795103033816,
            "y_coord": 1138.210405497883
        },
        {
            "entity_id": "a1e51eee-9db7-4768-b3ba-39e5584d474e",
            "x_coord": 180.4785206086118,
            "y_coord": 1262.8432859287018
        },
        {
            "entity_id": "5a80c090-cc11-419f-b0dc-443c72b0857d",
            "x_coord": -1076.6375496306496,
            "y_coord": 1325.86239779464
        }
    ]
}