{
    "layout": [
        {
            "entity_id": "8ded130c-6a74-4e06-ad5a-465f5a8a628d",
            "x_coord": -460.43448718066054,
            "y_coord": 206.08842615521007
        },
        {
            "entity_id": "a1e51eee-9db7-4768-b3ba-39e5584d474e",
            "x_coord": 41.37125776249809,
            "y_coord": 339.8432859287019
        },
        {
            "entity_id": "5a80c090-cc11-419f-b0dc-443c72b0857d",
            "x_coord": -956.2926725747916,
            "y_coord": 328.6635904841785
        }
    ]
}